{
  "vclaim_id": "vclaim-sno-ashley-judd-middle-east-women-rights",
  "vclaim": "Ashley Judd announced that she was moving to the Middle East, \"where women have more rights\".",
  "title": "Did Ashley Judd Say She Wanted to Live in the Middle East \u2018Where Women Have More Rights\u2019?",
  "subtitle": "Rumors that the actress had announced that she wanted to move were based on the misinterpretation of an old tweet by sites not overly concerned with credibility.",
  "page_url": "https://www.snopes.com/fact-check/ashley-judd-middle-east-women-rights/",
  "author": "Dan Evon",
  "date": "21 September 2017"
}