{
  "vclaim_id": "vclaim-sno-meryl-streep-applaud-roman-polanski",
  "vclaim": "Meryl Streep applauded for Roman Polanski at the Academy Awards in 2003.",
  "title": "Did Meryl Streep Applaud Roman Polanski at the Academy Awards?",
  "subtitle": "A video clip showing Meryl Streep applauding for Roman Polanski at the Academy Awards in 2003 came to the forefront after the actress' controversial 2017 Golden Globes speech.",
  "page_url": "https://www.snopes.com/fact-check/meryl-streep-applaud-roman-polanski/",
  "author": "Dan Evon",
  "date": "9 January 2017"
}