{
  "vclaim_id": "vclaim-sno-elephant-trophy-import-ban-lifted",
  "vclaim": "The United States will reverse restrictions on bringing back legally-hunted elephant trophies.",
  "title": "United States to Reverse Ban on Wildlife Trophies?",
  "subtitle": "The U.S. Fish and Wildlife Service announced it was reversing a ban on the import of legally-hunted elephant trophies from Zimbabwe and Zambia, then put a hold on the decision pending further review.",
  "page_url": "https://www.snopes.com/fact-check/elephant-trophy-import-ban-lifted/",
  "author": "Snopes Staff",
  "date": "16 November 2017"
}