{
  "title": "Did Clint Eastwood Say Obama Was the \u201cBiggest Fraud Ever Perpetrated on the American People\u201d?",
  "subtitle": "Eastwood made something approximating this remark in 2012, following his appearance in support of Mitt Romney at the Republican National Convention.",
  "author": "Alex Kasprak",
  "date": "10 November 2018",
  "vclaim_id": "vclaim-sno-eastwood-obama-biggest-people",
  "vclaim": "Clint Eastwood said \"one day we will realize that the Barack Obama presidency was the biggest fraud ever perpetrated on the American people.\u201d"
}