{
  "vclaim_id": "vclaim-sno-covid-detention-camps-new-york",
  "vclaim": "Legislation proposed in the New York State Senate in 2021 called for the establishment of COVID-19 \u201cdetention camps.\u201d",
  "title": "Were COVID-19 Detention Camps Proposed in New York Legislation?",
  "subtitle": "A 2021 bill marks the fourth time such legislation has been proposed in the Empire State.",
  "page_url": "https://www.snopes.com/fact-check/covid-detention-camps-new-york/",
  "author": "Madison Dapcevich",
  "date": "5 January 2021"
}