{
  "vclaim_id": "vclaim-sno-trump-retweet-cartoon-train-hitting-cnn-reporter",
  "vclaim": "President Trump retweeted a cartoon of a train hitting a CNN reporter.",
  "title": "Did Trump Retweet a Cartoon of a Train Hitting a CNN Reporter?",
  "subtitle": "President Trump retweeted, then quickly deleted, a cartoon of a train hitting a CNN reporter, leaving some to wonder if the posting was real.",
  "page_url": "https://www.snopes.com/fact-check/trump-retweet-cartoon-train-hitting-cnn-reporter/",
  "author": "Dan Evon",
  "date": "15 August 2017"
}