{
  "vclaim_id": "vclaim-sno-my-little-pony-animator-arrested",
  "vclaim": "An animator for the \"My Little Pony\" cartoon series was arrested for child pornography, proving that the PedoGate conspiracy is real.",
  "title": "Was a \u2018My Little Pony\u2019 Animator Arrested for Possession of Child Pornography Part of \u2018#PedoGate\u2019?",
  "subtitle": "An animator for the children's cartoon has been sentenced to prison for possessing child pornography, but the case is not part of a \"#PedoGate\" conspiracy.",
  "page_url": "https://www.snopes.com/fact-check/my-little-pony-animator-arrested/",
  "author": "Bethania Palma",
  "date": "14 August 2018"
}