{
  "vclaim_id": "vclaim-sno-kaepernick-anthem-stand-if-signed",
  "vclaim": "In October 2017, Colin Kaepernick told a CBS reporter he would stand for the national atnthem if he were signed by an NFL team.",
  "title": "Did Colin Kaepernick Say He Would Stand for the National Anthem If Signed by an NFL Team?",
  "subtitle": "News reports were based on false claims made by a CBS reporter, who has since resiled from them.",
  "page_url": "https://www.snopes.com/fact-check/kaepernick-anthem-stand-if-signed/",
  "author": "Dan MacGuill",
  "date": "11 October 2017"
}