{
  "vclaim_id": "vclaim-sno-whistleblowers-firsthand-knowledge",
  "vclaim": "The intelligence community \"secretly eliminated\" a requirement that whistleblowers provide firsthand knowledge of alleged wrongdoings, allowing the complaint about Trump's dealings with Ukraine to be filed.",
  "title": "Did US Intelligence Eliminate a Requirement That Whistleblowers Provide Firsthand Knowledge?",
  "subtitle": "A conspiracy theory about the \"deep state\" got shared widely by the president and his supporters.",
  "page_url": "https://www.snopes.com/fact-check/whistleblowers-firsthand-knowledge/",
  "author": "Bethania Palma",
  "date": "1 October 2019"
}