{
  "vclaim_id": "vclaim-sno-synagogue-shooting-victim-rose-mallinger",
  "vclaim": "An image posted by a social media user shows Tree of Life mass shooting victim Rose Mallinger.",
  "title": "Is This a Photograph of Tree of Life Synagogue Shooting Victim Rose Mallinger?",
  "subtitle": "A Twitter user shared a photograph wrongly said to be the 97-year-old synagogue shooting victim.",
  "page_url": "https://www.snopes.com/fact-check/synagogue-shooting-victim-rose-mallinger/",
  "author": "Bethania Palma",
  "date": "29 October 2018"
}