{
  "title": "Did a Professor Flunk a Student for Correctly Saying that Australia Is a Country?",
  "subtitle": "Ashley Arnold attracted media attention after challenging \u2014 and triumphing over \u2014 her instructor's faulty grasp of geography.",
  "author": "Arturo Garcia",
  "date": "9 February 2018",
  "vclaim_id": "vclaim-sno-professor-flunk-student-australia-country-continent",
  "vclaim": "An instructor failed a student for saying that Australia was a country rather than a continent."
}