{
  "title": "Hillary Clinton Said Children Should Be Raised by the State?",
  "subtitle": "A fabricated quote from Hillary Clinton saying children should be \"raised and trained\" by the state originated with one of many sites dedicated to spreading misinformation about presidential candidates.",
  "author": "Dan Evon",
  "date": "29 February 2016",
  "vclaim_id": "vclaim-sno-clinton-takes-village-quote",
  "vclaim": "Hillary Clinton said children should be raised and trained by the state, and parents should have only a secondary role."
}