{
  "title": "Hillary Clinton Cut Her Tax Bill by \u2018Donating\u2019 $1 Million to Herself via the Clinton Foundation?",
  "subtitle": "Accusations that Hillary Clinton padded her own pockets by deducting charitable donations to the Clinton Foundation appear to be baseless.",
  "author": "David Emery",
  "date": "1 October 2016",
  "vclaim_id": "vclaim-sno-hillary-clinton-donations-clinton-foundation",
  "vclaim": "Of the $1,042,000 in charitable donations Hillary Clinton deducted on her 2015 tax return, $1 million went into her own pocket via donations to the Clinton Foundation."
}