{
  "title": "Do Rocks Falling Into the Ocean Contribute to Global Sea Level Rise?",
  "subtitle": "On human timescales, sediment and rocks flowing into the ocean do not appreciably contribute to observed sea level rise; on larger timescales, the question is irrelevant.",
  "author": "Alex Kasprak",
  "date": "18 May 2018",
  "vclaim_id": "vclaim-sno-do-rocks-contribute-sea-rise",
  "vclaim": "\"Rocks falling into the ocean\" is a factor that contributes to observable sea level rise on human time scales."
}