{
  "vclaim_id": "vclaim-sno-gender-neutral-birth-certificates",
  "vclaim": "New Yorkers can select a gender-neutral option on their birth certificates.",
  "title": "Does New York City Allow Residents to Have \u2018Gender-Neutral\u2019 Birth Certificates?",
  "subtitle": "New York City joins California, Oregon, Washington state, and New Jersey in providing residents a third option.",
  "page_url": "https://www.snopes.com/fact-check/gender-neutral-birth-certificates/",
  "author": "Bethania Palma",
  "date": "4 January 2019"
}