{
  "title": "California Christians Must Register Bibles as Assault Weapons?",
  "subtitle": "A satirical story led some to believe that a new California law requires Bibles to be registered as assault weapons.",
  "author": "Kim LaCapria",
  "date": "7 June 2017",
  "vclaim_id": "vclaim-sno-california-christians-must-register-bibles-assault-weapons",
  "vclaim": "California Governor Jerry Brown signed a bill into law requiring all Christians \"to register Bibles of all sizes, shapes, and translation version as 'assault weapons.'\u201d"
}