{
  "title": "Did Snoop Dogg \u2018Threaten\u2019 Any Black Artist Who Performs at Trump\u2019s Inauguration?",
  "subtitle": "The famous rapper declared he would \"roast\" (i.e., make fun of) black artists who performed at Donald Trump's inauguration, bruising nothing more than their egos.",
  "author": "Bethania Palma",
  "date": "16 January 2017",
  "vclaim_id": "vclaim-sno-snoop-dogg-inauguration-threat",
  "vclaim": "Rapper Snoop Dogg threatened any black artist who performs at Donald Trump's inauguration."
}