{
  "title": "Was the Golden State Fence Company Fined $5 Million for Hiring Undocumented Workers to Build a Border Wall?",
  "subtitle": "A years-old story about a construction outfit was presented as if the company were building the border wall advocated by President Trump.",
  "author": "Dan Evon",
  "date": "28 June 2018",
  "vclaim_id": "vclaim-sno-golden-state-fence-border-wall",
  "vclaim": "The Golden State Fence Company was fined $5 million for hiring workers without documentation to build a border wall."
}