{
  "vclaim_id": "vclaim-sno-texas-mayor-rant-facebook-post",
  "vclaim": "Tim Boyd, the mayor of Colorado City, Texas, wrote, \"Only the strong will survive and the weak will parish [sic]\" in a Facebook post about the February 2021 winter storm.",
  "title": "Did Texas Mayor Say \u2018Only the Strong Will Survive\u2019 Amid Winter Storm?",
  "subtitle": "We should say former Texas mayor, since he resigned.",
  "page_url": "https://www.snopes.com/fact-check/texas-mayor-rant-facebook-post/",
  "author": "Bethania Palma",
  "date": "18 February 2021"
}