{
  "vclaim_id": "vclaim-sno-makeup-artists-atrocities",
  "vclaim": "A video shows actors creating the appearance of injuries through makeup to deceive the public about reports of atrocities.",
  "title": "Does This Video Show Injuries Created with Makeup to Fool the Public About Atrocities?",
  "subtitle": "A video featuring a Palestinian makeup artist was used as propaganda to claim that reports of atrocities in Syria and Israel had been faked.",
  "page_url": "https://www.snopes.com/fact-check/makeup-artists-atrocities/",
  "author": "Dan Evon",
  "date": "24 July 2018"
}