{
  "title": "Hillary Clinton Wore Secret Earpiece During First Presidential Debate?",
  "subtitle": "Images purportedly showing a wire running down Hillary Clinton's back were offered as proof that the Democratic nominee wore a secret earpiece during the first presidential debate.",
  "author": "Dan Evon",
  "date": "27 September 2016",
  "vclaim_id": "vclaim-sno-clinton-secret-earpiece-debate",
  "vclaim": "Hillary Clinton wore a secret earpiece during the first presidential debate of 2016."
}