{
  "vclaim_id": "vclaim-sno-bernie-sanders-baltimore",
  "vclaim": "U.S. Sen. Bernie Sanders compared Baltimore to a \"third world country.\"",
  "title": "Did U.S. Sen. Bernie Sanders Say Baltimore Was Like a \u2018Third World Country\u2019?",
  "subtitle": "Like U.S. President Donald Trump, Sanders criticized living conditions in Baltimore (in 2015), just in a different context.",
  "page_url": "https://www.snopes.com/fact-check/bernie-sanders-baltimore/",
  "author": "Bethania Palma",
  "date": "30 July 2019"
}