{
  "vclaim_id": "vclaim-sno-americas-pediatricians-gender-kids",
  "vclaim": "The U.S.'s leading group of pediatricians issued a strong statement condemning tolerance of gender dysphoria in children.",
  "title": "Did American Pediatricians Issue a Statement That Transgenderism Is \u2018Child Abuse\u2019?",
  "subtitle": "It was an official-sounding but fringe group of politically motivated pediatricians who issued a statement on gender, not the respected American Academy of Pediatrics.",
  "page_url": "https://www.snopes.com/fact-check/americas-pediatricians-gender-kids/",
  "author": "Kim LaCapria",
  "date": "20 May 2016"
}