{
  "title": "Did Missouri Republicans Pass a Law Lowering the St. Louis Minimum Wage from $10 to $7.70?",
  "subtitle": "Missouri's Republican-controlled state legislature passed a law in May 2017 rolling back a minimum wage increase enacted by the city of St. Louis.",
  "author": "David Emery",
  "date": "25 July 2018",
  "vclaim_id": "vclaim-sno-missouri-republicans-pass-law-lowering-minimum-wage",
  "vclaim": "Missouri Republicans passed a bill to lower the minimum wage in St. Louis from $10 an hour to $7.70."
}