{
  "vclaim_id": "vclaim-sno-did-delta-eject-passenger-adam-saleh-for-speaking-arabic",
  "vclaim": "Adam Saleh was ejected from a Delta flight for speaking Arabic.",
  "title": "Delta Ejects Passenger for Speaking Arabic",
  "subtitle": "Adam Saleh, who shared a video of what he claimed was his removal from a Delta flight for speaking Arabic, is a known prankster.",
  "page_url": "https://www.snopes.com/fact-check/did-delta-eject-passenger-adam-saleh-for-speaking-arabic/",
  "author": "Kim LaCapria",
  "date": "21 December 2016"
}