{
  "title": "Does Legalizing Marijuana Necessitate Euthanizing Pot-Sniffing Dogs?",
  "subtitle": "Arguments made by one sheriff opposed to legalized marijuana are dubious and disputed by police departments that have dealt with legal weed.",
  "author": "Alex Kasprak",
  "date": "8 May 2018",
  "vclaim_id": "vclaim-sno-legalizing-marijuana-necessitate-euthanizing-pot-sniffing-dogs",
  "vclaim": "The legalization of marijuana will force police departments to euthanize their drug sniffing dogs."
}