{
  "title": "Did Hillary Clinton Suppress Haiti\u2019s Minimum Wage?",
  "subtitle": "Rumors that Hillary Clinton (and the Clinton Foundation) used Haiti exclusively for personal gain are a mixed bag at best.",
  "author": "Brooke Binkowski",
  "date": "5 April 2016",
  "vclaim_id": "vclaim-sno-hillary-clinton-suppressed-haitis-minimum-wage",
  "vclaim": "As Secretary of State, Hillary Clinton artificially depressed Haiti's minimum wage; that action was part of a larger plan by the Clinton Foundation to profit from the country."
}