{
  "vclaim_id": "vclaim-sno-phyllis-schlafly-woman-president-over-my-dead-body",
  "vclaim": "Phyllis Schlafly once said, \"There will be a woman president over my dead body.\"",
  "title": "Phyllis Schlafly Said, \u2018There Will Be a Woman President Over My Dead Body\u2019?",
  "subtitle": "The late Phyllis Schlafly, an outspoken, anti-feminist conservative, said a great many controversial things in her lifetime, but not that there would be a female president over her dead body.",
  "page_url": "https://www.snopes.com/fact-check/phyllis-schlafly-woman-president-over-my-dead-body/",
  "author": "David Emery",
  "date": "6 September 2016"
}