{
  "title": "Did Sex Traffickers in Florida Trick Motorists By Lying in the Road?",
  "subtitle": "Yet another sex trafficking scare was promoted on social media in late 2019.",
  "author": "Dan MacGuill",
  "date": "31 December 2019",
  "vclaim_id": "vclaim-sno-sex-trafficking-lying-road-trick",
  "vclaim": "In late 2019, a pattern of incidents existed whereby motorists were tricked into stopping their cars by a person lying in the road, as part of a prevalent sex-trafficking tactic in Tampa, Florida."
}