{
  "vclaim_id": "vclaim-sno-trump-obama-nfl-tweet",
  "vclaim": "In 2013, Donald Trump criticized President Obama for interfering in an NFL team issue.",
  "title": "Donald Trump: The President Shouldn\u2019t Tell NFL Teams What to Do?",
  "subtitle": "Critics of President Trump's focus on football players' national anthem protests have gleefully re-shared a NFL-related tweet of his from 2013.",
  "page_url": "https://www.snopes.com/fact-check/trump-obama-nfl-tweet/",
  "author": "David Mikkelson",
  "date": "26 September 2017"
}