{
  "title": "Did an Irish Times Column Express \u2018Pity\u2019 for the US?",
  "subtitle": "A scathing opinion column was copied and pasted then circulated online, prompting some to question its authenticity.",
  "author": "Bethania Palma",
  "date": "28 April 2020",
  "vclaim_id": "vclaim-sno-irish-times-fintan-otoole",
  "vclaim": "The Irish Times newspaper published a column by Fintan O\u2019Toole expressing \"pity\" for the United States over U.S. President Donald Trump's leadership during the COVID-19 pandemic."
}