{
  "vclaim_id": "vclaim-sno-dr-rajendra-kapila-dies-covid-19",
  "vclaim": "Infectious disease expert Dr. Rajendra Kapila died from COVID-19 after receiving both doses of the Pfizer vaccine.",
  "title": "Did Dr. Rajendra Kapila Die From COVID-19 After Vaccination?",
  "subtitle": "The infectious disease expert was reportedly taking care of his father-in-law in India at the time.",
  "page_url": "https://www.snopes.com/fact-check/dr-rajendra-kapila-dies-covid-19/",
  "author": "Madison Dapcevich",
  "date": "4 May 2021"
}