{
  "vclaim_id": "vclaim-sno-trump-steal-kids-cancer-charity",
  "vclaim": "Members of the Trump family were banned from running charities in New York because they reportedly stole from a children's cancer charity.",
  "title": "Did New York Reprimand Trump Family for \u2018Stealing from a Children\u2019s Cancer Charity\u2019?",
  "subtitle": "Viral social media posts claimed members of the Trump family had been barred from running charities in the state of New York.",
  "page_url": "https://www.snopes.com/fact-check/trump-steal-kids-cancer-charity/",
  "author": "Dan MacGuill",
  "date": "31 October 2019"
}