{
  "title": "Creepy Clowns Plan Halloween Night Purge, Cops Warn \u2018Stay Inside\u2019?",
  "subtitle": "No, the Department of Homeland Security hasn't advised that a Halloween curfew be implemented over a purported creepy clown Halloween purge.",
  "author": "Kim LaCapria",
  "date": "20 October 2017",
  "vclaim_id": "vclaim-sno-creepy-clowns-halloween-night-purge",
  "vclaim": "Police warned citizens to \"stay inside\" on Halloween night because of information that \"creepy clowns\" planned a \"purge night.\""
}