{
  "vclaim_id": "vclaim-sno-sanders-private-jet-menu",
  "vclaim": "Bernie Sanders flew on a private jet and served a lavish menu when traveling to Rome in April 2016.",
  "title": "Bernie Sanders\u2019 Lavish Private Jet Menu?",
  "subtitle": "A menu from a Bernie Sanders charter flight is real, but the selections are standard fare for Delta charters and not an example of hypocritical excess.",
  "page_url": "https://www.snopes.com/fact-check/sanders-private-jet-menu/",
  "author": "Kim LaCapria",
  "date": "27 May 2016"
}