{
  "vclaim_id": "vclaim-sno-craigslist-ad-linestanders-trump-rally",
  "vclaim": "An October 2018 Craigslist ad solicited paid attendees to President Trump's rally in Erie, Pennsylvania.",
  "title": "Did a Craigslist Ad Solicit Paid Attendees to Donald Trump\u2019s Rally in Erie, Pennsylvania?",
  "subtitle": "Some said the Craigslist ad proved Trump has to pay people to attend his rallies, while others dismissed it as a hoax meant to embarrass him. Neither claim was correct.",
  "page_url": "https://www.snopes.com/fact-check/craigslist-ad-linestanders-trump-rally/",
  "author": "David Emery",
  "date": "13 October 2018"
}