{
  "vclaim_id": "vclaim-sno-trump-regeneron-stem-cells",
  "vclaim": "The development of REGN-COV2, the experimental \u201canti-viral antibody cocktail\u201d given to U.S. President Donald Trump to treat COVID-19, involved the use of human fetal tissues and embryonic stem cells.",
  "title": "Was Trump\u2019s Regeneron \u2018Cure\u2019 Developed Using Stem Cells and Fetal Tissues?",
  "subtitle": "U.S. President Donald Trump touted the \u201cantibody cocktail\u201d as a COVID-19 \u201ccure\u201d that he intended to make available to the American public.",
  "page_url": "https://www.snopes.com/fact-check/trump-regeneron-stem-cells/",
  "author": "Madison Dapcevich",
  "date": "12 October 2020"
}