{
  "vclaim_id": "vclaim-sno-cindy-hyde-smith-voting-sabbath",
  "vclaim": "In late March 2021, Republican Sen. Cindy Hyde-Smith expressed the opinion that voting on Sunday is wrong because it\u2019s the Sabbath and dedicated to God.",
  "title": "Did Sen. Cindy Hyde-Smith Say There Shouldn\u2019t Be Voting on Sunday Because of the Sabbath?",
  "subtitle": "Democrats criticized state legislatures for developing new laws that they said disenfranchised voters of color.",
  "page_url": "https://www.snopes.com/fact-check/cindy-hyde-smith-voting-sabbath/",
  "author": "Nur Ibrahim",
  "date": "25 March 2021"
}