{
  "vclaim_id": "vclaim-sno-boebert-taliban-building-back-better",
  "vclaim": "Following the Taliban takeover of Afghanistan in August 2021, Republican U.S. Representative for Colorado Lauren Boebert praised the extremist group for \u201cbuilding back better.\u201d",
  "title": "Did Boebert Praise Taliban for \u2018Building Back Better\u2019?",
  "subtitle": "The supposed tweet came after the fundamentalist group took over Afghanistan in August 2021.",
  "page_url": "https://www.snopes.com/fact-check/boebert-taliban-building-back-better/",
  "author": "Madison Dapcevich",
  "date": "20 August 2021"
}