{
  "vclaim_id": "vclaim-sno-parasites-rights-abortion-sign",
  "vclaim": "A photograph shows pro-choice activists carrying a sign that reads \"Parasites don't have rights.\"",
  "title": "Did Pro-Choice Protesters Carry a Sign That Likened Fetuses to \u2018Parasites\u2019?",
  "subtitle": "A Princeton political philosopher was one of many observers who shared a controversial photograph in May 2019. But where did the image originate?",
  "page_url": "https://www.snopes.com/fact-check/parasites-rights-abortion-sign/",
  "author": "Dan MacGuill",
  "date": "12 June 2019"
}