{
  "vclaim_id": "vclaim-sno-betsy-devos-america-tweet",
  "vclaim": "Betsy DeVos miscounted the number of words in a poorly-worded \"#AmericaIn3Words\" tweet.",
  "title": "Did Betsy DeVos Tweet \u2018It\u2019s Is My Favorite Country\u2019 About America?",
  "subtitle": "In response to a hashtag asking Twitter users to describe the United States in three words, a parody account for the Secretary of Education described it in five.",
  "page_url": "https://www.snopes.com/fact-check/betsy-devos-america-tweet/",
  "author": "Bethania Palma",
  "date": "2 July 2018"
}