{
  "vclaim_id": "vclaim-sno-kavanaugh-accuser-soros-ties",
  "vclaim": "Kavanaugh accuser Deborah Ramirez has \"ties\" to billionaire philanthropist George Soros.",
  "title": "Does Kavanaugh Accuser Deborah Ramirez Have \u2018Ties to George Soros\u2019?",
  "subtitle": "The identity of a woman who accused Brett Kavanaugh of sexual misconduct has been confused with another person bearing the same name.",
  "page_url": "https://www.snopes.com/fact-check/kavanaugh-accuser-soros-ties/",
  "author": "Bethania Palma",
  "date": "26 September 2018"
}