{
  "vclaim_id": "vclaim-sno-trump-makeup-tan-photo",
  "vclaim": "A December 2019 photograph showing Donald Trump with two markedly different skin tones on his face, was authentic and unedited.",
  "title": "Is This an Authentic Photograph of President Trump?",
  "subtitle": "A photograph of Trump, posted online by a Republican congressman, prompted much speculation about the president's skincare regimen.",
  "page_url": "https://www.snopes.com/fact-check/trump-makeup-tan-photo/",
  "author": "Dan MacGuill",
  "date": "27 December 2019"
}