{
  "vclaim_id": "vclaim-sno-trump-executive-order-biden",
  "vclaim": "In September 2020, U.S. President Donald Trump said he might sign an executive order barring Joe Biden from ever becoming U.S. president.",
  "title": "Did Trump Say He Might Sign an Exec Order Barring Biden Presidency?",
  "subtitle": "Was he joking? has become a frequent question for reporters, and voters, since Trump began his political career in 2015.",
  "page_url": "https://www.snopes.com/fact-check/trump-executive-order-biden/",
  "author": "Dan MacGuill",
  "date": "21 September 2020"
}