{
  "vclaim_id": "vclaim-sno-misspelled-tickets-trump-state-uniom",
  "vclaim": "Tickets issued for President Trump's first State of the Union address contain a misspelling of the word \"union.\"",
  "title": "Misspelled Tickets Issued for \u2018State of the Uniom\u2019 Address?",
  "subtitle": "Sitting senators tweeted images of the misspelled tickets on 29 January 2018.",
  "page_url": "https://www.snopes.com/fact-check/misspelled-tickets-trump-state-uniom/",
  "author": "David Emery",
  "date": "29 January 2018"
}