{
  "title": "President Obama: Americans Are Better Off Under Martial Law",
  "subtitle": "President Obama did not give an interview to the Washington Post during which he opined that Americans would be better off under martial law.",
  "author": "Kim LaCapria",
  "date": "11 July 2016",
  "vclaim_id": "vclaim-sno-obama-americans-are-better-off-under-martial-law",
  "vclaim": "During an interview with the Washington Post, President Obama stated that Americans would be better off under martial law."
}