{
  "vclaim_id": "vclaim-sno-carl-paladino-obama-comments",
  "vclaim": "Former Trump campaign official Carl Paladino said he hopes President Obama dies of mad cow disease and Michelle Obama goes to live in a cave in Africa with a gorilla.",
  "title": "Did Trump Ally Carl Paladino Say Michelle Obama Should Go Live in a Cave with a Gorilla?",
  "subtitle": "The former co-chairman of Donald Trump's New York presidential campaign also said he hoped President Obama died of 'mad cow disease.'",
  "page_url": "https://www.snopes.com/fact-check/carl-paladino-obama-comments/",
  "author": "David Emery",
  "date": "23 December 2016"
}