{
  "vclaim_id": "vclaim-sno-nieto-democrats-open-borders",
  "vclaim": "A photograph captures Mexican drug lord \"El Chapo\" plotting with top Democrats to maintain \"open borders.\"",
  "title": "Is This a Picture of \u2018El Chapo\u2019 and U.S. Democrats Plotting Open Borders?",
  "subtitle": "The infamous drug lord seemingly traveled and dressed well while serving time behind bars in Mexico.",
  "page_url": "https://www.snopes.com/fact-check/nieto-democrats-open-borders/",
  "author": "David Mikkelson",
  "date": "19 November 2019"
}