{
  "title": "Could People Be Jailed, Fined for Refusing COVID-19 Vaccine in US?",
  "subtitle": "Even without a COVID-19 vaccine yet available, readers asked whether individuals who refused one could face criminal penalties.",
  "author": "Dan MacGuill",
  "date": "11 August 2020",
  "vclaim_id": "vclaim-sno-states-fine-prison-covid-vaccine",
  "vclaim": "Individual U.S. states would be legally authorized to impose criminal penalties on individuals who refused to undergo a mandatory COVID-19 vaccination."
}