{
  "vclaim_id": "vclaim-sno-did-biden-say-my-butts-been-wiped",
  "vclaim": "A video shows President Biden yelling \"My butt's been wiped\" to a gaggle of reporters near Marine One.",
  "title": "Did Biden Say \u2018My Butt\u2019s Been Wiped\u2019?",
  "subtitle": "The president appeared to be making a joke about how difficult it was to talk by the nearby helicopter. But what, exactly, did he say?",
  "page_url": "https://www.snopes.com/fact-check/did-biden-say-my-butts-been-wiped/",
  "author": "Dan Evon",
  "date": "26 July 2021"
}