{
  "title": "Did Trump Praise China for Its \u2018Transparency\u2019 on COVID-19?",
  "subtitle": "The president's opinion of China's handling of the coronavirus pandemic has changed over time.",
  "author": "Bethania Palma",
  "date": "16 April 2020",
  "vclaim_id": "vclaim-sno-trump-china-transparency",
  "vclaim": "U.S. President Donald Trump praised China for its \"transparency\" in handling the coronavirus outbreak, then later criticized the World Health Organization for doing the same."
}