{
  "title": "Did a Landlord Tell Tenants That the Government Shutdown Could Cause Them to Be Evicted?",
  "subtitle": "As a federal government shutdown ran on for weeks, concerns mounted over its effects on renters who rely on federal subsidies.",
  "author": "Arturo Garcia",
  "date": "18 January 2019",
  "vclaim_id": "vclaim-sno-landlord-tenants-fed-shutdown",
  "vclaim": "Arkansas landlord Annette Cowen informed tenants at her rental properties they could face eviction if they failed to pay rent as a result of lacking the income provided by government housing subsidy programs."
}