{
  "title": "U.S. Constitution: Article 1, Section 8, Clause 17",
  "subtitle": "The U.S. Constitution doesn't prevent the federal government from holding the title \"to any real property\" without state consent.",
  "author": "David Mikkelson",
  "date": "4 February 2016",
  "vclaim_id": "vclaim-sno-article-1-section-8-clause-17",
  "vclaim": "Article 1, Section 8 of the U.S. Constitution holds that \"the Federal Government shall never own title to any real property which is not specifically authorized by this Constitution such as parks, forests, dams, waterways, and grazing areas without the consent of the State where same is located.\""
}