{
  "vclaim_id": "vclaim-sno-death-penalty-abortion-texas",
  "vclaim": "House Bill 896, considered by the Texas House of Representatives in 2019, would have the effect of making abortion punishable by death.",
  "title": "Are Texas Legislators \u2018Considering the Death Penalty for Women Who Have Abortions\u2019?",
  "subtitle": "Republican-sponsored House Bill 896 garnered nationwide attention in the spring of 2019.",
  "page_url": "https://www.snopes.com/fact-check/death-penalty-abortion-texas/",
  "author": "Dan MacGuill",
  "date": "12 April 2019"
}