{
  "vclaim_id": "vclaim-sno-sealed-indictment-president-trump",
  "vclaim": "A sealed indictment has been granted against President Donald Trump.",
  "title": "Has a \u2018Sealed Indictment\u2019 Been Issued Against President Trump?",
  "subtitle": "The sourcing of a story reporting a sealed indictment has been issued against the president is too vague to corroborate.",
  "page_url": "https://www.snopes.com/fact-check/sealed-indictment-president-trump/",
  "author": "Bethania Palma",
  "date": "15 May 2017"
}