{
  "vclaim_id": "vclaim-sno-santa-covid-exemption-ireland",
  "vclaim": "Ireland Foreign Minister Simon Coveney declared in a Nov. 26, 2020, statement that Santa Claus is considered an essential worker, granting him exemption from self-quarantine to deliver Christmas presents.",
  "title": "Is Santa Officially Exempt from COVID-19 Restrictions in Ireland?",
  "subtitle": "It\u2019s rumored that the North Pole resident is considered an essential worker with an \u201cinnate immunity\u201d to the virus.",
  "page_url": "https://www.snopes.com/fact-check/santa-covid-exemption-ireland/",
  "author": "Madison Dapcevich",
  "date": "3 December 2020"
}