{
  "vclaim_id": "vclaim-sno-president-trump-block-jennie-willoughby-twitter",
  "vclaim": "President Donald Trump blocked Jennie Willoughby, one of the ex-wives of former White House staff secretary Rob Porter, on Twitter.",
  "title": "Did President Donald Trump Block Jennie Willoughby on Twitter?",
  "subtitle": "An account posing as an ex-wife of former White House staff secretary Rob Porter, who resigned amid a domestic violence scandal, made the claim.",
  "page_url": "https://www.snopes.com/fact-check/president-trump-block-jennie-willoughby-twitter/",
  "author": "Dan Evon",
  "date": "13 February 2018"
}