{
  "title": "U.S. Government Ships Radioactive Milk to Black Communities as Part of a Genocide Plot?",
  "subtitle": "A conspiracy theory involving radioactive milk and diabetes fails on both historical and scientific grounds.",
  "author": "Alex Kasprak",
  "date": "15 September 2017",
  "vclaim_id": "vclaim-sno-is-radioactive-milk-government-genocide-plot",
  "vclaim": "High diabetes rates among African-Americans are caused by a genocidal government plot to ship weaponized radioactive milk to black communities."
}