{
  "title": "Did ABC\u2019s Senior Vice President of Programming Mutafa Ka\u2019Plese Decide to Cancel \u2018Roseanne\u2019?",
  "subtitle": "ABC Senior Vice President of Programming Mutafa Ka'Plese did not cancel the rebooted sitcom because ABC Senior Vice President of Programming Mutafa Ka'Plese does not exist.",
  "author": "Dan Evon",
  "date": "31 May 2018",
  "vclaim_id": "vclaim-sno-did-abcs-vp-programming-cancel-roseanne",
  "vclaim": "The decision to cancel the show 'Roseanne' was made by ABC Senior Vice President of Programming Mutafa Ka'Plese."
}