{
  "vclaim_id": "vclaim-sno-alex-jones-mcallen",
  "vclaim": "Conspiracy theorist Alex Jones saved children from smugglers who were illegally transporting them at the border.",
  "title": "Did Alex Jones Stop Smugglers From Illegally Transporting Children at Border?",
  "subtitle": "On video, Jones was screaming and pointing at a vehicle carrying children, but doing little else.",
  "page_url": "https://www.snopes.com/fact-check/alex-jones-mcallen/",
  "author": "Bethania Palma",
  "date": "8 April 2021"
}