{
  "title": "Did a Judge Give Billionaire Jeffrey Epstein Probation After Meeting with the Clintons?",
  "subtitle": "Epstein's ties to two U.S. presidents, Bill Clinton and Donald Trump, have drawn a good deal of attention in recent days.",
  "author": "David Mikkelson",
  "date": "15 July 2019",
  "vclaim_id": "vclaim-sno-epstein-probation-meeting-clintons",
  "vclaim": "A judge set convicted registered sex offender Jeffrey Epstein free on probation in a sex-trafficking case after a meeting with the Clintons."
}