{
  "vclaim_id": "vclaim-sno-derek-chauvin-three-percenters",
  "vclaim": "A symbol for the extremist group Three Percenters could be seen on Derek Chauvin's left palm after he was convicted of murder in the killing of George Floyd.",
  "title": "Does Derek Chauvin Have a \u2018Three Percenters\u2019 Symbol on His Hand?",
  "subtitle": "A blurry image of the former police officer taken as he was led away in handcuffs sparked speculation.",
  "page_url": "https://www.snopes.com/fact-check/derek-chauvin-three-percenters/",
  "author": "Bethania Palma",
  "date": "21 April 2021"
}