{
  "title": "Did a Newsmax Story Say Trump Should \u2018Retire Immediately\u2019?",
  "subtitle": "The suggestion shocked many Newsmax readers.",
  "author": "Jordan Liles",
  "date": "16 November 2020",
  "vclaim_id": "vclaim-sno-newsmax-biden-pence",
  "vclaim": "The conservative news website Newsmax published a column that suggested U.S. President Donald Trump should \"retire immediately,\" letting Vice President Mike Pence handle the transition to the incoming Biden-Harris administration."
}