{
  "title": "Did the Queen Call President Trump an \u2018Amazing Person\u2019 with a \u2018Good Heart\u2019?",
  "subtitle": "Buckingham Palace has confirmed Elizabeth II did not give a June 2019 interview which was subsequently suppressed by politically motivated journalists.",
  "author": "Dan MacGuill",
  "date": "7 June 2019",
  "vclaim_id": "vclaim-sno-queen-elizabeth-praised-trump",
  "vclaim": "Queen Elizabeth II called U.S. President Donald Trump an \"amazing person\" with a \"good heart\" in a controversially suppressed interview in June 2019."
}