{
  "title": "Did Biden Block Giving Aid and Admittance to Vietnamese Refugees in 1975?",
  "subtitle": "Donald Rumsfeld\u2019s book about the Ford administration, \u201cWhen the Center Held,\u201d recounts an interaction with then-Senator Joe Biden.",
  "author": "Nur Ibrahim",
  "date": "16 February 2021",
  "vclaim_id": "vclaim-sno-biden-aid-vietnam-refugees",
  "vclaim": "In 1975, then-U.S. Sen. Joe Biden blocked aid to South Vietnam and did not allow admittance of Vietnamese refugees into the United States."
}