{
  "title": "Lucky Coyote",
  "subtitle": "Rumor: Photographs show a coyote that survived an eight-hour trip wedged behind a car bumper.",
  "author": "David Mikkelson",
  "date": "The circulating text and photos shown above, about a coyote that was rescued relatively unharmed after it was hit by a car on an interstate and spent the next eight hours wedged behind a car bumper, were taken directly from a",
  "vclaim_id": "vclaim-sno-lucky-coyote",
  "vclaim": "Photographs show a coyote that survived an eight-hour trip wedged behind a car bumper."
}