{
  "title": "Were President Donald Trump\u2019s Sons Detained at Vancouver Airport over Ties with a Fascist Dictator?",
  "subtitle": "An article about Trump's sons being detained by Canada over their ties with a fascist regime originated from a satire web site.",
  "author": "Kim LaCapria",
  "date": "1 March 2017",
  "vclaim_id": "vclaim-sno-trumps-sons-detained-vancouver-airport",
  "vclaim": "President Trump's sons were detained at a Canadian airport due to their alleged ties to a \"fascist dictator.\""
}