{
  "title": "Will Prison Inmates Receive COVID-19 Stimulus Checks?",
  "subtitle": "Sen. Tom Cotton tweeted that Dzhokhar Tsarnaev, the man responsible for the 2013 Boston Marathon bombing, would also receive a check as part of a relief bill.",
  "author": "Nur Ibrahim",
  "date": "9 March 2021",
  "vclaim_id": "vclaim-sno-incarcerated-covid19-checks",
  "vclaim": "Incarcerated people, including those who were convicted for murder like Dzhokhar Tsarnaev, will be getting stimulus relief checks as part of the latest COVID-19 relief bill in March 2021."
}