{
  "title": "Supreme Court Flip-Flops",
  "subtitle": "Images reproduce contradictory statements from U.S. senators Mitch McConnell and Harry Reid about the President's prerogative in appointing Supreme Court justices.",
  "author": "Kim LaCapria",
  "date": "18 March 2016",
  "vclaim_id": "vclaim-sno-supreme-court-flip-flop",
  "vclaim": "Images reproduce contradictory statements from U.S. senators Mitch McConnell and Harry Reid about the President's prerogative in appointing Supreme Court justices."
}