{
  "title": "Did Dianne Feinstein Get Her Husband\u2019s Company a USPS Contract?",
  "subtitle": "Richard Blum, the husband of Senator Dianne Feinstein, obtained a contract to broker sales of USPS  facilities, but no evidence documents that it was due to his wife's influence.",
  "author": "David Mikkelson",
  "date": "23 April 2013",
  "vclaim_id": "vclaim-sno-feinstein-blum-usps",
  "vclaim": "Richard Blum, the husband of Senator Dianne Feinstein, obtained a contract to broker sales of USPS  facilities due to his wife's influence."
}