{
  "title": "Did Trump Use \u2018Crib Notes\u2019 During Listening Session with Parkland Survivors?",
  "subtitle": "A photograph showing President Trump holding notes during the listening session with survivors of the Parkland, Florida, school shooting is genuine.",
  "author": "Dan Evon",
  "date": "22 February 2018",
  "vclaim_id": "vclaim-sno-trump-crib-notes-parkland",
  "vclaim": "A photograph shows President Trump holding crib notes during a listening session with survivors of the Parkland, Florida, school shooting."
}