{
  "title": "Pilot Refused to Let President Obama Board Helicopter Until He Saluted Marine?",
  "subtitle": "A video showing President Obama boarding a helicopter without saluting a nearby Marine has been shared with the unfounded claim that the pilot refused to let him stay onboard.",
  "author": "Dan Evon",
  "date": "1 April 2016",
  "vclaim_id": "vclaim-sno-obama-salute-marine-one-video",
  "vclaim": "A pilot refused to let President Obama onboard a helicopter after he failed to salute a Marine."
}