{
  "title": "Did Senate Democrats Call for Supreme Court Nominees to Ignore the U.S. Constitution?",
  "subtitle": "A meme containing fake quotes from a satirical article managed to take in some followers of conservative commentator David Clarke.",
  "author": "Dan MacGuill",
  "date": "3 July 2018",
  "vclaim_id": "vclaim-sno-democrats-supreme-court-influenced-constitution",
  "vclaim": "In June 2018, three Democratic senators called for Supreme Court nominees to not be \"unduly influenced\" by the U.S. Constitution."
}