{
  "title": "Did Lancaster\u2019s Centerville Elementary School Cancel an \u2018Offensive\u2019 Christmas Play",
  "subtitle": "Social media rumors accused Centerville Elementary School of canceling a Christmas play because two parents were offended by its mention of God.",
  "author": "Kim LaCapria",
  "date": "20 December 2016",
  "vclaim_id": "vclaim-sno-lancasters-centerville-elementary-school-cancels-offensive-christmas-play",
  "vclaim": "Centerville Elementary School in Lancaster, Pennsylvania, canceled a Christmas play because two parents complained about reference to God."
}