{
  "title": "Can Amputees Take Their Limbs Home?",
  "subtitle": "A Reddit user's account of his post-amputation experience of bringing home his leg and making tacos out of it is decidedly uncommon, but at least part of his story is not unheard of.",
  "author": "Arturo Garcia",
  "date": "16 June 2018",
  "vclaim_id": "vclaim-sno-can-amputees-take-their-limb-home",
  "vclaim": "People who undergo amputations can sign paperwork allowing them to take the removed limbs home after the procedure."
}