{
  "title": "Does the Satanic Temple Want to Establish After School Satan Clubs?",
  "subtitle": "A 'religious' organization called the Satanic Temple seeks to establish After School Satan Clubs in public schools. Is it an effort to teach Satan worship to kids?",
  "author": "David Emery",
  "date": "1 August 2016",
  "vclaim_id": "vclaim-sno-after-school-satan-clubs",
  "vclaim": "A group called the Satanic Temple wants to establish After School Satan Clubs in public schools to introduce children to the \"religion of darkness.\""
}