{
  "title": "Did Trump Call Trudeau \u2018Leader of the Igloo People?\u2019",
  "subtitle": "An article appearing to report that U.S. President Donald Trump called Canadian Prime Minister Justin Trudeau by a creative epithet was actually satire.",
  "author": "Dan Evon",
  "date": "13 February 2017",
  "vclaim_id": "vclaim-sno-trump-call-trudeau-leader-igloo-people",
  "vclaim": "President Donald Trump was overheard referring to Canadian Prime Minister Justin Trudeau as the \"leader of the igloo people.\""
}