{
  "title": "Did Harley-Davidson Close a Wisconsin Factory to Move Production to Thailand Due to New Steel Tariffs?",
  "subtitle": "The iconic motorcycle manufacturing company announced they were opening a factory in Thailand nearly a year before President Donald Trump imposed tariffs on steel imports.",
  "author": "Dan Evon",
  "date": "12 March 2018",
  "vclaim_id": "vclaim-sno-harley-davidson-steel-tariffs",
  "vclaim": "Harley-Davidson announced in March 2018 that they were closing a Wisconsin plant and moving all manufacturing to Thailand in response to President Donald Trump's just-announced steel tariffs."
}