{
  "title": "Trump Photographed with Charlottesville White Supremacist?",
  "subtitle": "A doctored photograph appearing to show Trump posing with a white supremacist garnered attention on social media following a neo-Nazi rally that left one woman dead.",
  "author": "Dan Evon",
  "date": "14 August 2017",
  "vclaim_id": "vclaim-sno-trump-photographed-with-charlottesville-white-nationalist",
  "vclaim": "A photograph shows President Trump with \"Millennial Matt,\" an alt-right figure involved in the white nationalist march in Charlottesville."
}