{
  "title": "Does H.R. 6666 Authorize Removing COVID-19 Patients from Their Homes?",
  "subtitle": "Viral posts claimed that proposed legislation by U.S. Rep. Bobby Rush would supersede constitutional rights during the coronavirus disease pandemic.",
  "author": "Jessica Lee",
  "date": "12 May 2020",
  "vclaim_id": "vclaim-sno-hr6666-remove-covid-patients-homes",
  "vclaim": "The COVID-19 Testing, Reaching, And Contacting Everyone (TRACE) Act, or H.R. 6666, would authorize federally administered COVID-19 testing groups to enter American homes and force testing against residents' will, and then \"take\" those who test positive to quarantine sites."
}