{
  "title": "Loretta Lynch Pleads Fifth Over Iran Payment",
  "subtitle": "Attorney General Loretta Lynch did not invoke her Fifth Amendment protections to avoid giving incriminating testimony about the Iran money transfer.",
  "author": "Kim LaCapria",
  "date": "31 October 2016",
  "vclaim_id": "vclaim-sno-loretta-lynch-pleads-fifth-over-iran-payment",
  "vclaim": "Attorney General Loretta Lynch invoked her Fifth Amendment protection not to incriminate herself over the Obama administration's transfer of money to Iran."
}