{
  "title": "More New England Patriots Players Attended White House Super Bowl Ceremony in 2015 than 2017?",
  "subtitle": "A side-by-side comparison of the number of New England Patriots players at a White House event in 2015 and 2017 is real, but misleading.",
  "author": "Dan Evon",
  "date": "",
  "vclaim_id": "vclaim-sno-patriots-white-house-attendance",
  "vclaim": "A set of photographs accurately depict the number of New England Patriots players in attendance at a White House ceremony in 2015 and 2017."
}