{
  "title": "Did US Senate Fail to Acquit Trump Because There Wasn\u2019t a \u2018Real\u2019 Trial?",
  "subtitle": "Trump's impeachment trial in the U.S. Senate was a source of controversy.",
  "author": "Bethania Palma",
  "date": "25 February 2020",
  "vclaim_id": "vclaim-sno-trump-acquittal-impeached",
  "vclaim": "Trump wasn't really acquitted of articles of impeachment brought by the U.S. House because he didn't have a \"real\" trial with new witnesses and documents in the U.S. Senate."
}