{
  "title": "Gary Johnson Said Removal of Firing Pins Makes All Guns Fully Automatic?",
  "subtitle": "A quote about automatic weapons attributed to Libertarian presidential candidate Gary Johnson is actually a misconstrual of something his running mate said.",
  "author": "Kim LaCapria",
  "date": "14 September 2016",
  "vclaim_id": "vclaim-sno-gary-johnson-automatic-weapons",
  "vclaim": "Libertarian presidential candidate Gary Johnson said \"guns can be made full auto by removing the firing pins.\""
}