{
  "title": "Are Refugee Tuberculosis Rates in San Diego \u2018More Than 100 Times Greater\u2019 Than the National Average?",
  "subtitle": "A California scientist told us that Breitbart's story on his team's 2013 study was \"not an accurate use\" of the information.",
  "author": "Arturo Garcia",
  "date": "17 August 2017",
  "vclaim_id": "vclaim-sno-refugee-tb-rates-in-san-diego",
  "vclaim": "A study determined that the active tuberculosis incidence rate for refugees in San Diego was more than 100 times higher than it was in the rest of the United States."
}