{
  "title": "Does Pfizer \u2018Page 132\u2019 Warn Against Unprotected Sex After COVID-19 Vaccine?",
  "subtitle": "A \"copypasta\" meme stoked more fears about the COVID-19 vaccine on social media.",
  "author": "Bethania Palma",
  "date": "30 December 2020",
  "vclaim_id": "vclaim-sno-covid-vaccine-unprotected-sex",
  "vclaim": "Pfizer vaccine \"page 132\" warns not to have unprotected sex for 28 days after the second dose of the COVID-19 vaccine because \"genetic manipulation\" may cause birth defects."
}