{
  "title": "FALSE: Admiral Fired for Exposing Obama\u2019s Dubai Mansion Purchase",
  "subtitle": "In January 2016, Rear Admiral Rick Williams was relieved of command; however, that action had nothing to do with any presidential real estate scouting in Dubai.",
  "author": "Kim LaCapria",
  "date": "11 January 2016",
  "vclaim_id": "vclaim-sno-rick-williams-obamas-mansion",
  "vclaim": "President Obama fired Rear Admiral Rick Williams for \"questioning\" the President's purported recent purchase of a mansion in Dubai."
}