{
  "title": "Would Apple Inc. Call Customers to Alert Them to Suspicious Activity?",
  "subtitle": "A spoofing scam mimics the appearance of a real phone call from Apple Support \u2014 only problem is Apple would never call you without your initiating contact first.",
  "author": "Alex Kasprak",
  "date": "2 May 2019",
  "vclaim_id": "vclaim-sno-apple-support-call-on-suspicions",
  "vclaim": "Apple Support would proactively call you to tell you about a suspicious activity associated with your iCloud account or a compromise of Apple ID information."
}