{
  "title": "Yale Cancels Midterms After Students Were Upset by Trump\u2019s Win",
  "subtitle": "Rumors claimed classes and exams were canceled at Yale due to student distress over Donald Trump's win, but the underlying facts didn't appear so polarized.",
  "author": "Kim LaCapria",
  "date": "10 November 2016",
  "vclaim_id": "vclaim-sno-yale-cancels-midterms-after-students-were-upset-by-trumps-win",
  "vclaim": "Midterm exams at Yale were canceled because students were too upset by Donald Trump's election."
}