{
  "title": "Did a 1977 \u2018Time\u2019 Story Offer Tips on \u2018How to Survive the Coming Ice Age\u2019?",
  "subtitle": "While a number of media outlets reported on some briefly-lived scientific fears over global cooling in the 1970s, viral images purporting to show a cover story on the topic are doctored.",
  "author": "Alex Kasprak",
  "date": "18 May 2017",
  "vclaim_id": "vclaim-sno-the-coming-ice-age",
  "vclaim": "'Time' ran a cover story titled \"How to Survive the Coming Ice Age\" in 1977."
}