{
  "title": "Are These Really Robots Ballroom Dancing at Shanghai Disneyland?",
  "subtitle": "Not even the combined forces of Disney and Chinese technology could manufacture raw talent.",
  "author": "Nur Ibrahim",
  "date": "12 November 2020",
  "vclaim_id": "vclaim-sno-robots-dancing-shanghai-disneyland",
  "vclaim": "A video accurately depicts robot ballroom dancers created in China, performing at the Shanghai Disneyland Resort. The robots are human-like, with realistic facial expressions and movement."
}