{
  "title": "Is This What Happens When You Park in a Handicapped Parking Spot in Brazil?",
  "subtitle": "A video showing the creative shaming of a motorist who illegally parked in a handicapped spot was created by the YouTube comedy team Canal Boom.",
  "author": "Dan Evon",
  "date": "10 February 2016",
  "vclaim_id": "vclaim-sno-handicap-parking-brazil-prank-video",
  "vclaim": "A video shows a group of citizens teaching a lesson to person who parked illegally in a handicapped parking spot."
}