{
  "title": "Did Climate Activist Greta Thunberg Appear as Coronavirus \u2018Expert\u2019 on CNN Panel?",
  "subtitle": "The Swedish teenager and climate activist joined a guest line-up that included Major League Baseball Commissioner Rob Manfred.",
  "author": "Bethania Palma",
  "date": "19 May 2020",
  "vclaim_id": "vclaim-sno-greta-thunberg-cnn-town-hall",
  "vclaim": "Teenage climate activist Greta Thunberg appeared on a CNN \"expert panel\" in a program about the COVID-19 coronavirus pandemic."
}