{
  "title": "#Boycott36: Do Clinton and Sanders Support Late-Term Abortions?",
  "subtitle": "A viral Facebook post claimed Bernie Sanders and Hillary Clinton sought to make \"the cutoff date\" for abortion 36 weeks, but we were unable to substantiate that.",
  "author": "Kim LaCapria",
  "date": "13 May 2016",
  "vclaim_id": "vclaim-sno-boycott36-clinton-sanders-late-term-abortion",
  "vclaim": "Bernie Sanders and Hillary Clinton both seek an abortion \"cutoff date\" of 36 weeks, and both claim that late-stage fetuses feel no pain and have no rights."
}