{
  "title": "Walt Disney\u2019s Final Instructions",
  "subtitle": "\"In a bizarre turn, one that underscores the anxiety and paranoia of his last days, Walt made a series of films to be shown after his death.\"",
  "author": "David Mikkelson",
  "date": "14 June 2001",
  "vclaim_id": "vclaim-sno-walt-disneys-final-instructions",
  "vclaim": "Walt Disney prepared a film to be viewed by Disney executives after his death, in which he gave them all instructions about how to run their areas of the company."
}