{
  "title": "Did Israel Destroy the Palestine National Library, the Azhar Library, and the \u2018National Cultural Center\u2019?",
  "subtitle": "A cultural center was indeed destroyed in Gaza in August 2018, but a viral meme contains some inaccurate and misleading information about it.",
  "author": "Dan Evon",
  "date": "13 May 2019",
  "vclaim_id": "vclaim-sno-israel-military-palestine-treasure",
  "vclaim": "The Palestine National Library, the Azhar Library, and the \"National Cultural Center\" were destroyed by the Israel military."
}