{
  "title": "Is an Increase in Recorded Crime in England and Wales Linked to \u2018Radical Islamic Terror\u2019?",
  "subtitle": "An early morning tweet from Donald Trump contains a basic factual error and a grossly misleading summary of official UK statistics.",
  "author": "Dan MacGuill",
  "date": "20 October 2017",
  "vclaim_id": "vclaim-sno-trump-uk-terrorism",
  "vclaim": "A 13 percent increase in police-recorded crime in England and Wales is linked to a rise in 'radical Islamic terror.'"
}