{
  "title": "Did Planned Parenthood \u2018Team Up\u2019 with Satanists to Promote Abortion Rights in Missouri?",
  "subtitle": "The two groups have taken separate court cases in the state, but there has been no collaboration whatsoever between them.",
  "author": "Dan MacGuill",
  "date": "14 September 2017",
  "vclaim_id": "vclaim-sno-planned-parenthood-satanists",
  "vclaim": "Planned Parenthood and the Satanic Temple have worked together to oppose laws restricting abortion rights in Missouri."
}