{
  "title": "Did Eva Braun Say She \u2018Hated Seeing Children Separated from Their Parents\u2019 But Not to Blame Hitler?",
  "subtitle": "A satirical quote attempting to draw a comparison between Melania Trump and Adolf Hitler's mistress was mistaken for real by some readers.",
  "author": "Dan Evon",
  "date": "18 June 2018",
  "vclaim_id": "vclaim-sno-eva-braun-children-separated",
  "vclaim": "Eva Braun, Adolf Hitler's mistress turned wife, said that she hated seeing children separated from their parents but that people shouldn't blame the F\u00fchrer."
}