{
  "title": "Did VP Pence Touch NASA Gear Labeled \u2018Do Not Touch\u2019?",
  "subtitle": "An old photo received new attention as U.S. Vice President Mike Pence took over the Trump administration's response to an outbreak of a new coronavirus.",
  "author": "Bethania Palma",
  "date": "4 March 2020",
  "vclaim_id": "vclaim-sno-pence-nasa-do-not-touch",
  "vclaim": "A photograph shows U.S. Vice President Mike Pence touching a piece of NASA equipment that bore a sign reading \"DO NOT TOUCH.\""
}